{
    "accuracy": 0.878125,
    "precision": 0.771103515625,
    "recall": 0.878125,
    "f1": 0.8211418469217971
}